1,wanita
2,pria
3,wanita
4,wanita
5,pria
6,pria
7,-
8,pria
9,wanita
10,-
11,wanita
12,wanita
13,pria
14,pria
15,pria
16,pria
17,pria
18,pria
19,pria
20,pria
21,pria
22,pria
23,pria
24,pria
25,pria
26,-
27,pria
28,pria
29,pria
30,-
31,pria
32,pria
33,pria
34,pria
35,wanita
36,wanita
37,wanita
38,pria
39,-
40,pria
41,wanita
42,pria
43,pria
44,pria
45,pria
46,pria
47,pria
48,wanita
49,wanita
50,pria
51,pria
52,-
53,pria
54,pria
55,wanita
56,pria
57,pria
58,pria
59,pria
60,pria
61,pria
62,pria
63,pria
64,pria
65,wanita
66,pria
67,pria
68,pria
69,pria
70,pria
71,pria
72,pria
73,pria
74,wanita
75,wanita
76,wanita
77,pria
78,wanita
79,-
80,wanita
81,wanita
82,wanita
83,pria
84,pria
85,pria
86,pria
87,-
88,pria
89,pria
90,pria
91,pria
92,pria
93,wanita
94,wanita
95,pria
96,pria
97,pria
98,pria
99,pria
100,-
101,pria
102,pria
103,pria
104,pria
105,pria
106,wanita
107,wanita
108,wanita
109,pria
110,pria
111,wanita
112,wanita
113,pria
114,wanita
115,-
116,pria
117,pria
118,wanita
119,wanita
120,pria
121,wanita
122,pria
123,pria
124,wanita
125,pria
126,pria
127,pria
128,-
129,pria
130,pria
131,pria
132,pria
133,pria
134,pria
135,pria
136,pria
137,wanita
138,pria
139,pria
140,wanita
141,wanita
142,wanita
143,pria
144,wanita
145,-
146,wanita
147,wanita
148,wanita
149,wanita
150,wanita
151,wanita
152,pria
153,pria
154,pria
155,wanita
156,wanita
157,-
158,pria
159,pria
160,pria
161,-
162,wanita
163,wanita
164,wanita
165,-
166,pria
167,wanita
168,pria
169,wanita
170,-
171,pria
172,pria
173,pria
174,pria
175,pria
176,pria
177,pria
178,pria
179,pria
180,pria
181,pria
182,pria
183,pria
184,pria
185,pria
186,wanita
187,wanita
188,wanita
189,pria
190,pria
191,wanita
192,pria
193,wanita
194,pria
195,wanita
196,pria
197,pria
198,wanita
199,wanita
200,-
201,wanita
202,pria
203,wanita
204,wanita
205,pria
206,wanita
207,wanita
208,wanita
209,wanita
210,wanita
211,wanita
212,pria
213,pria
214,pria
215,pria
216,wanita
217,wanita
218,pria
219,pria
220,pria
221,pria
222,pria
223,-
224,-
225,-
226,wanita
227,pria
228,pria
229,pria
230,-
231,-
232,-
233,-
234,pria
235,-
236,-
237,-
238,-
239,-
240,pria
241,-
242,pria
243,-
244,pria
245,wanita
246,wanita
247,wanita
248,wanita
249,wanita
250,-
251,-
252,-
253,-
254,-
255,-
256,-
257,-
258,wanita
259,-
260,pria
261,pria
262,pria
263,pria
264,pria
265,wanita
266,pria
267,-
268,wanita
269,-
270,-
271,-
272,pria
273,-
274,wanita
275,pria
276,-
277,-
278,pria
279,wanita
280,pria
281,-
282,-
283,-
284,-
285,pria
286,pria
287,pria
288,-
289,pria
290,-
291,-
292,pria
293,pria
294,pria
295,-
296,pria
297,wanita
298,pria
299,-
300,pria
301,wanita
302,wanita
303,wanita
304,-
305,pria
306,wanita
307,wanita
308,wanita
309,wanita
310,wanita
311,wanita
312,wanita
313,wanita
314,wanita
315,wanita
316,-
317,pria
318,wanita
319,-
320,pria
321,wanita
322,pria
323,wanita
324,pria
325,wanita
326,wanita
327,pria
328,pria
329,pria
330,-
331,-
332,pria
333,-
334,pria
335,-
336,pria
337,pria
338,pria
339,pria
340,pria
341,wanita
342,wanita
343,pria
344,pria
345,pria
346,pria
347,wanita
348,wanita
349,wanita
350,wanita
351,pria
352,wanita
353,wanita
354,wanita
355,wanita
356,wanita
357,wanita
358,wanita
359,pria
360,wanita
361,wanita
362,-
363,-
364,pria
365,wanita
366,wanita
367,pria
368,pria
369,pria
370,pria
371,-
372,wanita
373,wanita
374,wanita
375,wanita
376,wanita
377,wanita
378,-
379,wanita
380,wanita
381,wanita
382,wanita
383,wanita
384,wanita
385,wanita
386,wanita
387,wanita
388,wanita
389,wanita
390,wanita
391,wanita
392,wanita
393,pria
394,-
395,wanita
396,wanita
397,-
398,wanita
399,pria
400,pria
401,pria
402,pria
403,wanita
404,wanita
405,wanita
406,wanita
407,wanita
408,wanita
409,pria
410,pria
411,wanita
412,pria
413,pria
414,wanita
415,pria
416,-
417,pria
418,pria
419,-
420,pria
421,wanita
422,wanita
423,-
424,wanita
425,-
426,-
427,-
428,-
429,-
430,pria
431,wanita
432,-
433,pria
434,wanita
435,wanita
436,-
437,wanita
438,pria
439,pria
440,pria
441,pria
442,pria
443,pria
444,pria
445,pria
446,wanita
447,wanita
448,pria
449,wanita
450,pria
451,-
452,pria
453,wanita
454,wanita
455,wanita
456,wanita
457,wanita
458,pria
459,pria
460,wanita
461,wanita
462,wanita
463,pria
464,wanita
465,wanita
466,pria
467,pria
468,pria
469,pria
470,pria
471,pria
472,wanita
473,wanita
474,wanita
475,wanita
476,wanita
477,wanita
478,wanita
479,wanita
480,pria
481,pria
482,pria
483,pria
484,pria
485,pria
486,pria
487,pria
488,wanita
489,pria
490,pria
491,pria
492,pria
493,pria
494,pria
495,pria
496,pria
497,pria
498,pria
499,pria
500,pria
501,pria
502,pria
503,pria
504,wanita
505,wanita
506,pria
507,pria
508,pria
509,wanita
510,wanita
511,wanita
512,pria
513,pria
514,wanita
515,pria
516,pria
517,pria
518,pria
519,pria
520,-
521,pria
522,wanita
523,pria
524,pria
525,pria
526,wanita
527,pria
528,wanita
529,wanita
530,wanita
531,pria
532,wanita
533,pria
534,wanita
535,wanita
536,pria
537,wanita
538,pria
539,pria
540,pria
541,-
542,-
543,wanita
544,wanita
545,wanita
546,pria
547,wanita
548,pria
549,pria
550,pria
551,wanita
552,pria
553,wanita
554,-
555,pria
556,-
557,pria
558,-
559,pria
560,-
561,pria
562,wanita
563,pria
564,wanita
565,pria
566,wanita
567,wanita
568,-
569,pria
570,-
571,pria
572,wanita
573,-
574,pria
575,pria
576,pria
577,wanita
578,-
579,pria
580,pria
581,wanita
582,pria
583,pria
584,-
585,pria
586,pria
587,-
588,-
589,pria
590,wanita
591,wanita
592,pria
593,pria
594,pria
595,pria
596,pria
597,wanita
598,pria
599,wanita
600,-
601,wanita
602,-
603,-
604,-
605,wanita
606,-
607,-
608,-
609,pria
610,pria
611,pria
612,pria
613,pria
614,pria
615,pria
616,pria
617,pria
618,-
619,wanita
620,pria
621,pria
622,wanita
623,pria
624,wanita
625,wanita
626,pria
627,-
628,pria
629,pria
630,pria
631,wanita
632,wanita
633,wanita
634,wanita
635,wanita
636,pria
637,wanita
638,wanita
639,wanita
640,wanita
641,pria
642,wanita
643,pria
644,pria
645,pria
646,wanita
647,wanita
648,pria
649,-
650,pria
651,wanita
652,-
653,pria
654,-
655,pria
656,pria
657,-
658,-
659,-
660,-
661,pria
662,pria
663,pria
664,pria
665,wanita
666,wanita
667,pria
668,-
669,pria
670,-
671,wanita
672,pria
673,pria
674,pria
675,pria
676,pria
677,pria
678,pria
679,pria
680,pria
681,pria
682,pria
683,pria
684,pria
685,wanita
686,-
687,wanita
688,wanita
689,-
690,-
691,-
692,-
693,pria
694,wanita
695,-
696,wanita
697,wanita
698,-
699,pria
700,-
701,wanita
702,pria
703,pria
704,pria
705,pria
706,wanita
707,wanita
708,pria
709,pria
710,pria
711,pria
712,wanita
713,pria
714,wanita
715,wanita
716,pria
717,-
718,wanita
719,wanita
720,pria
721,pria
722,-
723,pria
724,wanita
725,-
726,pria
727,pria
728,wanita
729,pria
730,-
731,-
732,pria
733,pria
734,pria
735,pria
736,wanita
737,pria
738,wanita
739,wanita
740,-
741,wanita
742,pria
743,wanita
744,wanita
745,wanita
746,wanita
747,pria
748,pria
749,wanita
750,pria
751,pria
752,pria
753,pria
754,-
755,wanita
756,wanita
757,pria
758,wanita
759,wanita
760,pria
761,-
762,pria
763,pria
764,-
765,pria
766,wanita
767,wanita
768,pria
769,pria
770,-
771,pria
772,wanita
773,pria
774,pria
775,wanita
776,-
777,wanita
778,-
779,-
780,pria
781,pria
782,-
783,-
784,-
785,-
786,-
787,-
788,wanita
789,pria
790,pria
791,wanita
792,pria
793,pria
794,wanita
795,-
796,pria
797,pria
798,pria
799,wanita
800,wanita
801,wanita
802,pria
803,pria
804,pria
805,pria
806,pria
807,wanita
808,wanita
809,pria
810,wanita
811,pria
812,pria
813,pria
814,-
815,-
816,-
817,-
818,-
819,pria
820,-
821,pria
822,pria
823,-
824,wanita
825,wanita
826,wanita
827,pria
828,pria
829,pria
830,wanita
831,wanita
832,wanita
833,-
834,wanita
835,wanita
836,pria
837,pria
838,-
839,wanita
840,pria
841,pria
842,wanita
843,wanita
844,-
845,wanita
846,wanita
847,-
848,wanita
849,wanita
850,wanita
851,pria
852,wanita
853,wanita
854,wanita
855,wanita
856,pria
857,pria
858,pria
859,pria
860,wanita
861,wanita
862,pria
863,-
864,pria
865,-
866,pria
867,pria
868,pria
869,wanita
870,wanita
871,pria
872,wanita
873,pria
874,pria
875,-
876,pria
877,pria
878,pria
879,wanita
880,pria
881,-
882,wanita
883,wanita
884,-
885,wanita
886,wanita
887,wanita
888,pria
889,pria
890,pria
891,wanita
892,pria
893,pria
894,wanita
895,wanita
896,pria
897,-
898,pria
899,pria
900,pria
901,wanita
902,wanita
903,pria
904,pria
905,-
906,wanita
907,wanita
908,wanita
909,pria
910,wanita
911,wanita
912,wanita
913,wanita
914,wanita
915,wanita
916,wanita
917,wanita
918,wanita
919,pria
920,wanita
921,wanita
922,wanita
923,pria
924,pria
925,pria
926,pria
927,pria
928,pria
929,pria
930,pria
931,pria
932,pria
933,pria
934,-
935,wanita
936,wanita
937,wanita
938,wanita
939,pria
940,wanita
941,wanita
942,wanita
943,pria
944,wanita
945,pria
946,wanita
947,pria
948,-
949,wanita
950,pria
951,pria
952,pria
953,wanita
954,-
955,wanita
956,pria
957,pria
958,pria
959,pria
960,wanita
961,wanita
962,pria
963,wanita
964,wanita
965,-
966,wanita
967,pria
968,pria
969,pria
970,pria
971,pria
972,wanita
973,pria
974,-
975,wanita
976,pria
977,pria
978,pria
979,pria
980,pria
981,pria
982,-
983,pria
984,pria
985,pria
986,pria
987,pria
988,pria
989,wanita
990,pria
991,pria
992,pria
993,wanita
994,pria
995,-
996,pria
997,pria
998,wanita
999,wanita
1000,pria
1001,pria
1002,wanita
1003,pria
1004,wanita
1005,wanita
1006,wanita
1007,pria
1008,wanita
1009,pria
1010,pria
1011,-
1012,wanita
1013,wanita
1014,pria
1015,pria
1016,pria
1017,pria
1018,pria
1019,pria
1020,wanita
1021,wanita
1022,wanita
1023,pria
1024,wanita
1025,wanita
1026,-
1027,-
1028,pria
1029,pria
1030,pria
1031,wanita
1032,wanita
1033,wanita
1034,wanita
1035,wanita
1036,wanita
1037,wanita
1038,pria
1039,wanita
1040,wanita
1041,wanita
1042,-
1043,pria
1044,wanita
1045,wanita
1046,wanita
1047,wanita
1048,pria
1049,wanita
1050,pria
1051,wanita
1052,pria
1053,-
1054,wanita
1055,pria
1056,pria
1057,pria
1058,wanita
1059,wanita
1060,pria
1061,wanita
1062,wanita
1063,wanita
1064,wanita
1065,-
1066,wanita
1067,pria
1068,wanita
1069,pria
1070,-
1071,pria
1072,-
1073,-
1074,pria
1075,pria
1076,wanita
1077,pria
1078,-
1079,-
1080,pria
1081,-
1082,wanita
1083,pria
1084,-
1085,pria
1086,-
1087,-
1088,-
1089,pria
1090,pria
1091,wanita
1092,pria
1093,-
1094,wanita
1095,pria
1096,-
1097,-
1098,-
1099,-
1100,-
1101,-
1102,pria
1103,-
1104,-
1105,-
1106,-
1107,-
1108,-
1109,-
1110,pria
1111,-
1112,-
1113,-
1114,pria
1115,wanita
1116,pria
1117,-
1118,wanita
1119,wanita
1120,wanita
1121,wanita
1122,wanita
1123,-
1124,-
1125,-
1126,-
1127,-
1128,-
1129,-
1130,-
1131,-
1132,wanita
1133,-
1134,-
1135,wanita
1136,pria
1137,-
1138,-
1139,pria
1140,pria
1141,pria
1142,wanita
1143,wanita
1144,wanita
1145,-
1146,pria
1147,-
1148,wanita
1149,pria
1150,wanita
1151,wanita
1152,pria
1153,wanita
1154,pria
1155,wanita
1156,wanita
1157,wanita
1158,pria
1159,-
1160,wanita
1161,pria
1162,pria
1163,wanita
1164,wanita
1165,wanita
1166,-
1167,pria
1168,pria
1169,pria
1170,pria
1171,pria
1172,pria
1173,pria
1174,wanita
1175,pria
1176,pria
1177,pria
1178,pria
1179,wanita
1180,pria
1181,pria
1182,-
1183,wanita
1184,wanita
1185,pria
1186,pria
1187,pria
1188,pria
1189,pria
1190,pria
1191,pria
1192,pria
1193,pria
1194,wanita
1195,wanita
1196,pria
1197,pria
1198,pria
1199,pria
1200,wanita
1201,-
1202,pria
1203,-
1204,pria
1205,wanita
1206,pria
1207,pria
1208,pria
1209,wanita
1210,pria
1211,pria
1212,pria
1213,wanita
1214,pria
1215,pria
1216,wanita
1217,pria
1218,pria
1219,wanita
1220,pria
1221,pria
1222,wanita
1223,pria
1224,wanita
1225,wanita
1226,-
1227,wanita
1228,wanita
1229,pria
1230,pria
1231,pria
1232,pria
1233,pria
1234,pria
1235,wanita
1236,pria
1237,pria
1238,pria
1239,wanita
1240,wanita
1241,wanita
1242,wanita
1243,pria
1244,pria
1245,wanita
1246,wanita
1247,wanita
1248,wanita
1249,pria
1250,wanita
1251,wanita
1252,pria
1253,wanita
1254,wanita
1255,pria
1256,pria
1257,pria
1258,pria
1259,pria
1260,pria
1261,wanita
1262,pria
1263,pria
1264,pria
1265,pria
1266,wanita
1267,pria
1268,pria
1269,wanita
1270,wanita
1271,pria
1272,wanita
1273,wanita
1274,wanita
1275,-
1276,wanita
1277,-
1278,pria
1279,pria
1280,pria
1281,pria
1282,wanita
1283,wanita
1284,wanita
1285,pria
1286,wanita
1287,pria
1288,pria
1289,pria
1290,-
1291,pria
1292,wanita
1293,-
1294,wanita
1295,wanita
1296,wanita
1297,pria
1298,wanita
1299,pria
1300,wanita
1301,pria
1302,pria
1303,pria
1304,pria
1305,pria
1306,pria
1307,wanita
1308,wanita
1309,wanita
1310,-
1311,wanita
1312,pria
1313,wanita
1314,wanita
1315,wanita
1316,wanita
1317,wanita
1318,pria
1319,pria
1320,-
1321,wanita
1322,-
1323,pria
1324,pria
1325,-
1326,pria
1327,wanita
1328,pria
1329,wanita
1330,wanita
1331,wanita
1332,pria
1333,pria
1334,-
1335,-
1336,wanita
1337,wanita
1338,-
1339,wanita
1340,wanita
1341,wanita
1342,wanita
1343,pria
1344,wanita
1345,wanita
1346,wanita
1347,wanita
1348,pria
1349,pria
1350,pria
1351,pria
1352,wanita
1353,wanita
1354,wanita
1355,wanita
1356,wanita
1357,pria
1358,wanita
1359,pria
1360,pria
1361,wanita
1362,wanita
1363,wanita
1364,wanita
1365,wanita
1366,pria
1367,-
1368,wanita
1369,wanita
1370,wanita
1371,pria
1372,pria
1373,pria
1374,pria
1375,wanita
1376,-
1377,-
1378,wanita
1379,-
1380,-
1381,-
1382,wanita
1383,pria
1384,wanita
1385,wanita
1386,wanita
1387,wanita
1388,wanita
1389,pria
1390,wanita
1391,wanita
1392,wanita
1393,-
1394,wanita
1395,wanita
1396,pria
1397,pria
1398,wanita
1399,-
1400,wanita
1401,wanita
1402,pria
1403,pria
1404,pria
1405,pria
1406,-
1407,-
1408,-
1409,-
1410,wanita
1411,-
1412,wanita
1413,pria
1414,wanita
1415,pria
1416,-
1417,wanita
1418,wanita
1419,-
1420,wanita
1421,pria
1422,pria
1423,-
1424,-
1425,pria
1426,wanita
1427,wanita
1428,wanita
1429,pria
1430,wanita
1431,-
1432,-
1433,-
1434,-
1435,-
1436,-
1437,-
1438,-
1439,pria
1440,-
1441,pria
1442,wanita
1443,pria
1444,-
1445,wanita
1446,wanita
1447,pria
1448,wanita
1449,wanita
1450,wanita
1451,pria
1452,pria
1453,wanita
1454,wanita
1455,-
1456,wanita
1457,pria
1458,pria
1459,pria
1460,wanita
1461,wanita
1462,pria
1463,wanita
1464,pria
1465,-
1466,wanita
1467,wanita
1468,pria
1469,wanita
1470,pria
1471,pria
1472,wanita
1473,pria
1474,-
1475,pria
1476,pria
1477,wanita
1478,-
1479,-
1480,wanita
1481,pria
1482,wanita
1483,wanita
1484,wanita
1485,wanita
1486,pria
1487,pria
1488,wanita
1489,pria
1490,pria
1491,pria
1492,wanita
1493,-
1494,wanita
1495,wanita
1496,wanita
1497,-
1498,-
1499,wanita
1500,wanita
1501,pria
1502,pria
1503,-
1504,pria
1505,wanita
1506,-
1507,wanita
1508,-
1509,wanita
1510,pria
1511,wanita
1512,wanita
1513,wanita
1514,pria
1515,pria
1516,-
1517,wanita
1518,pria
1519,pria
1520,pria
1521,pria
1522,pria
1523,wanita
1524,wanita
1525,wanita
1526,wanita
1527,wanita
1528,pria
1529,wanita
1530,pria
1531,wanita
1532,pria
1533,pria
1534,wanita
1535,wanita
1536,pria
1537,pria
1538,-
1539,-
1540,-
1541,-
1542,-
1543,-
1544,-
1545,-
1546,-
1547,-
1548,-
1549,-
1550,-
1551,-
1552,-
1553,-
1554,-
1555,-
1556,-
1557,-
1558,-
1559,-
1560,-
1561,-
1562,-
1563,-
1564,-
1565,-
1566,-
1567,-
1568,-
1569,-
1570,-
1571,-
1572,-
1573,-
1574,-
1575,-
1576,-
1577,-
1578,-
1579,-
1580,-
1581,-
1582,-
1583,-
1584,-
1585,-
1586,-
1587,-
1588,-
1589,-
1590,-
1591,-
1592,-
1593,-
1594,-
1595,-
1596,-
1597,-
1598,-
1599,-
1600,-
1601,-
1602,-
1603,-
1604,-
1605,-
1606,-
1607,-
1608,-
1609,-
1610,-
1611,-
1612,-
1613,-
1614,-
1615,-
1616,-
1617,-
1618,-
1619,-
1620,-
1621,-
1622,-
1623,-
1624,-
1625,-
1626,-
1627,-
1628,-
1629,-
1630,-
1631,-
1632,-
1633,-
1634,-
1635,-
1636,-
1637,-
1638,-
1639,-
1640,-
1641,-
1642,-
1643,-
1644,-
1645,-
1646,-
1647,-
1648,-
1649,-
1650,-
1651,-
1652,-
1653,-
1654,-
1655,-
1656,-
1657,-
1658,-
1659,-
1660,-
1661,-
1662,-
1663,-
1664,-
1665,-
1666,-
1667,-
1668,-
1669,-
1670,-
1671,-
1672,-
1673,-
1674,-
1675,-
1676,-
1677,-
1678,-
1679,-
1680,-
1681,-
1682,-
1683,-
1684,-
1685,-
1686,-
1687,-
1688,-
1689,-
1690,-
1691,-
1692,-
1693,-
1694,-
1695,-
1696,-
1697,-
1698,-
1699,-
1700,-
1701,-
1702,-
1703,-
1704,-
1705,-
1706,-
1707,-
1708,-
1709,-
1710,-
1711,-
1712,-
1713,-
1714,-
1715,-
1716,-
1717,-
1718,-
1719,-
1720,-
1721,-
1722,-
1723,-
1724,-
1725,-
1726,-
1727,-
1728,-
1729,-
1730,-
1731,-
1732,-
1733,-
1734,-
1735,-
1736,-
1737,-
1738,-
1739,-
1740,-
1741,-
1742,-
1743,-
1744,-
1745,-
1746,-
1747,-
1748,-
1749,-
1750,-
1751,-
1752,-
1753,-
1754,-
1755,-
1756,-
1757,-
1758,-
1759,-
1760,-
1761,-
1762,-
1763,-
1764,-
1765,-
1766,-
1767,-
1768,-
1769,-
1770,-
1771,-
1772,-
1773,-
1774,-
1775,-
1776,-
1777,-
1778,-
1779,-
1780,-
1781,-
1782,-
1783,-
1784,-
1785,-
1786,-
1787,-
1788,-
1789,-
1790,-
1791,-
1792,-
1793,-
1794,-
1795,-
1796,-
1797,-
1798,-
1799,-
1800,-
1801,-
1802,-
1803,-
1804,-
1805,-
1806,-
1807,-
1808,-
1809,-
1810,-
1811,-
1812,-
1813,-
1814,-
1815,-
1816,-
1817,-
1818,-
1819,-
1820,-
1821,-
1822,-
1823,-
1824,-
1825,-
1826,-
1827,-
1828,-
1829,-
1830,-
1831,-
1832,-
1833,-
1834,-
1835,-
1836,-
1837,-
1838,-
1839,-
1840,-
1841,-
1842,-
1843,-
1844,-
1845,-
1846,-
1847,-
1848,-
1849,-
1850,-
1851,-
1852,-
1853,-
1854,-
1855,-
1856,-
1857,-
1858,-
1859,-
1860,-
1861,-
1862,-
1863,-
1864,-
1865,-
1866,-
1867,-
1868,-
1869,-
1870,-
1871,-
1872,-
1873,-
1874,-
1875,-
1876,-
1877,-
1878,-
1879,-
1880,-
1881,-
1882,-
1883,-
1884,-
1885,-
1886,-
1887,-
1888,-
1889,-
1890,-
1891,-
1892,-
1893,-
1894,-
1895,-
1896,-
1897,-
1898,-
1899,-
1900,-
1901,-
1902,-
1903,-
1904,-
1905,-
1906,-
1907,-
1908,-
1909,-
1910,-
1911,-
1912,-
1913,-
1914,-
1915,-
1916,-
1917,-
1918,-
1919,-
1920,-
1921,-
1922,-
1923,-
1924,-
1925,-
1926,-
1927,-
1928,-
1929,-
1930,-
1931,-
1932,-
1933,-
1934,-
1935,-
1936,-
1937,-
1938,-
1939,-
1940,-
1941,-
1942,-
1943,-
1944,-
1945,-
1946,-
1947,-
1948,-
1949,-
1950,-
1951,-
1952,-
1953,-
1954,-
1955,-
1956,-
1957,-
1958,-
1959,-
1960,-
1961,-
1962,-
1963,-
1964,-
1965,-
1966,-
1967,-
1968,-
1969,-
1970,-
1971,-
1972,-
1973,-
1974,-
1975,-
1976,-
1977,-
1978,-
1979,-
1980,-
1981,-
1982,-
1983,-
1984,-
1985,-
1986,-
1987,-
1988,-
1989,-
1990,-
1991,-
1992,-
1993,-
1994,-
1995,-
1996,-
1997,-
1998,-
1999,-
2000,-
2001,-
2002,-
2003,-
2004,-
2005,-
2006,-
2007,-
2008,-
2009,-
2010,-
2011,-
2012,-
2013,-
2014,-
2015,-
2016,-
2017,-
2018,-
2019,-
2020,-
2021,-
2022,-
2023,-
2024,-
2025,-
2026,-
2027,-
2028,-
2029,-
2030,-
2031,-
2032,-
2033,-
2034,-
2035,-
2036,-
2037,-
2038,-
2039,-
2040,-
2041,-
2042,-
2043,-
2044,-
2045,-
2046,-
2047,-
2048,-
2049,-
2050,-
2051,-
2052,-
2053,-
2054,-
2055,-
2056,-
2057,-
2058,-
2059,-
2060,-
2061,-
2062,-
2063,-
2064,-
2065,-
2066,-
2067,-
2068,-
2069,-
2070,-
2071,-
2072,-
2073,-
2074,-
2075,-
2076,-
2077,-
2078,-
2079,-
2080,-
2081,-
2082,-
2083,-
2084,-
2085,-
2086,-
2087,-
2088,-
2089,-
2090,-
2091,-
2092,-
2093,-
2094,-
2095,-
2096,-
2097,-
2098,-
2099,-
2100,-
2101,-
2102,-
2103,-
2104,-
2105,-
2106,-
2107,-
2108,-
2109,-
2110,-
2111,-
2112,-
2113,-
2114,-
2115,-
2116,-
2117,-
2118,-
2119,-
2120,-
2121,-
2122,-
2123,-
2124,-
2125,-
2126,-
2127,-
2128,-
2129,-
2130,-
2131,-
2132,-
2133,-
2134,-
2135,-
2136,-
2137,-
2138,-
2139,-
2140,-
2141,-
2142,-
2143,-
2144,-
2145,-
2146,-
2147,-
2148,-
2149,-
2150,-
2151,-
2152,-
2153,-
2154,-
2155,-
2156,-
2157,-
2158,-
2159,-
2160,-
2161,-
2162,-
2163,-
2164,-
2165,-
2166,-
2167,-
2168,-
2169,-
2170,-
2171,-
2172,-
2173,-
2174,-
2175,-
2176,-
2177,-
2178,-
2179,-
2180,-
2181,-
2182,-
2183,-
2184,-
2185,-
2186,-
2187,-
2188,-
2189,-
2190,-
2191,-
2192,-
2193,-
2194,-
2195,-
2196,-
2197,-
2198,-
2199,-
2200,-
2201,-
2202,-
2203,-
2204,-
2205,-
2206,-
2207,-
2208,-
2209,-
2210,-
2211,-
2212,-
2213,-
2214,-
2215,-
2216,-
2217,-
2218,-
2219,-
2220,-
2221,-
2222,-
2223,-
2224,-
2225,-
2226,-
2227,-
2228,-
2229,-
2230,-
2231,-
2232,-
2233,-
2234,-
2235,-
2236,-
2237,-
2238,-
2239,-
2240,-
2241,-
2242,-
2243,-
2244,-
2245,-
2246,-
2247,-
2248,-
2249,-
2250,-
2251,-
2252,-
2253,-
2254,-
2255,-
2256,-
2257,-
2258,-
2259,-
2260,-
2261,-
2262,-
2263,-
2264,-
2265,-
2266,-
2267,-
2268,-
2269,-
2270,-
2271,-
2272,-
2273,-
2274,-
2275,-
2276,-
2277,-
2278,-
2279,-
2280,-
2281,-
2282,-
2283,-
2284,-
2285,-
2286,-
2287,-
2288,-
2289,-
2290,-
2291,-
2292,-
2293,-
2294,-
2295,-
2296,-
2297,-
2298,-
2299,-
2300,-
2301,-
2302,-
2303,-
2304,-
2305,-
2306,-
2307,-
2308,-
2309,-
2310,-
2311,-
2312,-
2313,-
2314,-
2315,-
2316,-
2317,-
2318,-
2319,-
2320,-
2321,-
2322,-
2323,-
2324,-
2325,-
2326,-
2327,-
2328,-
2329,-
2330,-
2331,-
2332,-
2333,-
2334,-
2335,-
2336,-
2337,-
2338,-
2339,-
2340,-
2341,-
2342,-
2343,-
2344,-
2345,-
2346,-
2347,-
2348,-
2349,-
2350,-
2351,-
2352,-
2353,-
2354,-
2355,-
2356,-
2357,-
2358,-
2359,-
2360,-
2361,-
2362,-
2363,-
2364,-
2365,-
2366,-
2367,-
2368,-
2369,-
2370,-
2371,-
2372,-
2373,-
2374,-
2375,-
2376,-
2377,-
2378,-
2379,-
2380,-
2381,-
2382,-
2383,-
2384,-
2385,-
2386,-
2387,-
2388,-
2389,-
2390,-
2391,-
2392,-
2393,-
2394,-
2395,-
2396,-
2397,-
2398,-
2399,-
2400,-
2401,-
2402,-
2403,-
2404,-
2405,-
2406,-
2407,-
2408,-
2409,-
2410,-
2411,-
2412,-
2413,-
2414,-
2415,-
2416,-
2417,-
2418,-
2419,-
2420,-
2421,-
2422,-
2423,-
2424,-
2425,-
2426,-
2427,-
2428,-
2429,-
2430,-
2431,-
2432,-
2433,-
2434,-
2435,-
2436,-
2437,-
2438,-
2439,-
2440,-
2441,-
2442,-
2443,-
2444,-
2445,-
2446,-
2447,-
2448,-
2449,-
2450,-
2451,-
2452,-
2453,-
2454,-
2455,-
2456,-
2457,-
2458,-
2459,-
2460,-
2461,-
2462,-
2463,-
2464,-
2465,-
2466,-
2467,-
2468,-
2469,-
2470,-
2471,-
2472,-
2473,-
2474,-
2475,-
2476,-
2477,-
2478,-
2479,-
2480,-
2481,-
2482,-
2483,-
2484,-
2485,-
2486,-
2487,-
2488,-
2489,-
2490,-
2491,-
2492,-
2493,-
2494,-
2495,-
2496,-
2497,-
2498,-
2499,-
2500,-
2501,-
2502,-
2503,-
2504,-
2505,-
2506,-
2507,-
2508,-
2509,-
2510,-
2511,-
2512,-
2513,-
2514,-
2515,-
2516,-
2517,-
2518,-
2519,-
2520,-
2521,-
2522,-
2523,-
2524,-
2525,-
2526,-
2527,-
2528,-
2529,-
2530,-
2531,-
2532,-
2533,-
2534,-
2535,-
2536,-
2537,-
2538,-
2539,-
2540,-
2541,-
2542,-
2543,-
2544,-
2545,-
2546,-
2547,-
2548,-
2549,-
2550,-
2551,-
2552,-
2553,-
2554,-
2555,-
2556,-
2557,-
2558,-
2559,-
2560,-
2561,-
2562,-
2563,-
2564,-
2565,-
2566,-
2567,-
2568,-
2569,-
2570,-
2571,-
2572,-
2573,-
2574,-
2575,-
2576,-
2577,-
2578,-
2579,-
2580,-
2581,-
2582,-
2583,-
2584,-
2585,-
2586,-
2587,-
2588,-
2589,-
2590,-
2591,-
2592,-
2593,-
2594,-
2595,-
2596,-
2597,-
2598,-
2599,-
2600,-
2601,-
2602,-
2603,-
2604,-
2605,-
2606,-
2607,-
2608,-
2609,-
2610,-
2611,-
2612,-
2613,-
2614,-
2615,-
2616,-
2617,-
2618,-
2619,-
2620,-
2621,-
2622,-
2623,-
2624,-
2625,-
2626,-
2627,-
2628,-
2629,-
2630,-
2631,-
2632,-
2633,-
2634,-
2635,-
2636,-
2637,-
2638,-
2639,-
2640,-
2641,-
2642,-
2643,-
2644,-
2645,-
2646,-
2647,-
2648,-
2649,-
2650,-
2651,-
2652,-
2653,-
2654,-
2655,-
2656,-
2657,-
2658,-
2659,-
2660,-
2661,-
2662,-
2663,-
2664,-
2665,-
2666,-
2667,-
2668,-
2669,-
2670,-
2671,-
2672,-
2673,-
2674,-
2675,-
2676,-
2677,-
2678,-
2679,-
2680,-
2681,-
2682,-
2683,-
2684,-
2685,-
2686,-
2687,-
2688,-
2689,-
2690,-
2691,-
2692,-
2693,-
2694,-
2695,-
2696,-
2697,-
2698,-
2699,-
2700,-
2701,-
2702,-
2703,-
2704,-
2705,-
2706,-
2707,-
2708,-
2709,-
2710,-
2711,-
2712,-
2713,-
2714,-
2715,-
2716,-
2717,-
2718,-
2719,-
2720,-
2721,-
2722,-
2723,-
2724,-
2725,-
2726,-
2727,-
2728,-
2729,-
2730,-
2731,-
2732,-
2733,-
2734,-
2735,-
2736,-
2737,-
2738,-
2739,-
2740,-
2741,-
2742,-
2743,-
2744,-
2745,-
2746,-
2747,-
2748,-
2749,-
2750,-
2751,-
2752,-
2753,-
2754,-
2755,-
2756,-
2757,-
2758,-
2759,-
2760,-
2761,-
2762,-
2763,-
2764,-
2765,-
2766,-
2767,-
2768,-
2769,-
2770,-
2771,-
2772,-
2773,-
2774,-
2775,-
2776,-
2777,-
2778,-
2779,-
2780,-
2781,-
2782,-
2783,-
2784,-
2785,-
2786,-
2787,-
2788,-
2789,-
2790,-
2791,-
2792,-
2793,-
2794,-
2795,-
2796,-
2797,-
2798,-
2799,-
2800,-
2801,-
2802,-
2803,-
2804,-
2805,-
2806,-
2807,-
2808,-
2809,-
2810,-
2811,-
2812,-
2813,-
2814,-
2815,-
2816,-
2817,-
2818,-
2819,-
2820,-
2821,-
2822,-
2823,-
2824,-
2825,-
2826,-
2827,-
2828,-
2829,-
2830,-
2831,-
2832,-
2833,-
2834,-
2835,-
2836,-
2837,-
2838,-
2839,-
2840,-
2841,-
2842,-
2843,-
2844,-
2845,-
2846,-
2847,-
2848,-
2849,-
2850,-
2851,-
2852,-
2853,-
2854,-
2855,-
2856,-
2857,-
2858,-
2859,-
2860,-
2861,-
2862,-
2863,-
2864,-
2865,-
2866,-
2867,-
2868,-
2869,-
2870,-
2871,-
2872,-
2873,-
2874,-
2875,-
2876,-
2877,-
2878,-
2879,-
2880,-
2881,-
2882,-
2883,-
2884,-
2885,-
2886,-
2887,-
2888,-
2889,-
2890,-
2891,-
2892,-
2893,-
2894,-
2895,-
2896,-
2897,-
2898,-
2899,-
2900,-
2901,-
2902,-
2903,-
2904,-
2905,-
2906,-
2907,-
2908,-
2909,-
2910,-
2911,-
2912,-
2913,-
2914,-
2915,-
2916,-
2917,-
2918,-
2919,-
2920,-
2921,-
2922,-
2923,-
2924,-
2925,-
2926,-
2927,-
2928,-
2929,-
2930,-
2931,-
2932,-
2933,-
2934,-
2935,-
2936,-
2937,-
2938,-
2939,-
2940,-
2941,-
2942,-
2943,-
2944,-
2945,-
2946,-
2947,-
2948,-
2949,-
2950,-
2951,-
2952,-
2953,-
2954,-
2955,-
2956,-
2957,-
2958,-
2959,-
2960,-
2961,-
2962,-
2963,-
2964,-
2965,-
2966,-
2967,-
2968,-
2969,-
2970,-
2971,-
2972,-
2973,-
2974,-
2975,-
2976,-
2977,-
2978,-
2979,-
2980,-
2981,-
2982,-
2983,-
2984,-
2985,-
2986,-
2987,-
2988,-
2989,-
2990,-
2991,-
2992,-
2993,-
2994,-
2995,-
2996,-
2997,-
2998,-
2999,-
3000,-
3001,-
3002,-
3003,-
3004,-
3005,-
3006,-
3007,-
3008,-
3009,-
3010,-
3011,-
3012,-
3013,-
3014,-
3015,-
3016,-
3017,-
3018,-
3019,-
3020,-
3021,-
3022,-
3023,-
3024,-
3025,-
3026,-
3027,-
3028,-
3029,-
3030,-
3031,-
3032,-
3033,-
3034,-
3035,-
3036,-
3037,-
3038,-
3039,-
3040,-
3041,-
3042,-
3043,-
3044,-
3045,-
3046,-
3047,-
3048,-
3049,-
3050,-
3051,-
3052,-
3053,-
3054,-
3055,-
3056,-
3057,-
3058,-
3059,-
3060,-
3061,-
3062,-
3063,-
3064,-
3065,-
3066,-
3067,-
3068,-
3069,-
3070,-
3071,-
3072,-
3073,-
3074,-
3075,-
3076,-
3077,-
3078,-
3079,-
3080,-
3081,-
3082,-
3083,-
3084,-
3085,-
3086,-
3087,-
3088,-
3089,-
3090,-
3091,-
3092,-
3093,-
3094,-
3095,-
3096,-
3097,-
3098,-
3099,-
3100,-
3101,-
3102,-
3103,-
3104,-
3105,-
3106,-
3107,-
3108,-
3109,-
3110,-
3111,-
3112,-
3113,-
3114,-
3115,-
3116,-
3117,-
3118,-
3119,-
3120,-
3121,-
3122,-
3123,-
3124,-
3125,-
3126,-
3127,-
3128,-
3129,-
3130,-
3131,-
3132,-
3133,-
3134,-
3135,-
3136,-
3137,-
3138,-
3139,-
3140,-
3141,-
3142,-
3143,-
3144,-
3145,-
3146,-
3147,-
3148,-
3149,-
3150,-
3151,-
3152,-
3153,-
3154,-
3155,-
3156,-
3157,-
3158,-
3159,-
3160,-
3161,-
3162,-
3163,-
3164,-
3165,-
3166,-
3167,-
3168,-
3169,-
3170,-
3171,-
3172,-
3173,-
3174,-
3175,-
3176,-
3177,-
3178,-
3179,-
3180,-
3181,-
3182,-
3183,-
3184,-
3185,-
3186,-
3187,-
3188,-
3189,-
3190,-
3191,-
3192,-
3193,-
3194,-
3195,-
3196,-
3197,-
3198,-
3199,-
3200,-
3201,-
3202,-
3203,-
3204,-
3205,-
3206,-
3207,-
3208,-
3209,-
3210,-
3211,-
3212,-
3213,-
3214,-
3215,-
3216,-
3217,-
3218,-
3219,-
3220,-
3221,-
3222,-
3223,-
3224,-
3225,-
3226,-
3227,-
3228,-
3229,-
3230,-
3231,-
3232,-
3233,-
3234,-
3235,-
3236,-
3237,-
3238,-
3239,-
3240,-
3241,-
3242,-
3243,-
3244,-
3245,-
3246,-
3247,-
3248,-
3249,-
3250,-
3251,-
3252,-
3253,-
3254,-
3255,-
3256,-
3257,-
3258,-
3259,-
3260,-
3261,-
3262,-
3263,-
3264,-
3265,-
3266,-
3267,-
3268,-
3269,-
3270,-
3271,-
3272,-
3273,-
3274,-
3275,-
3276,-
3277,-
3278,-
3279,-
3280,-
3281,-
3282,-
3283,-
3284,-
3285,-
3286,-
3287,-
3288,-
3289,-
3290,-
3291,-
3292,-
3293,-
3294,-
3295,-
3296,-
3297,-
3298,-
3299,-
3300,-
3301,-
3302,-
3303,-
3304,-
3305,-
3306,-
3307,-
3308,-
3309,-
3310,-
3311,-
3312,-
3313,-
3314,-
3315,-
3316,-
3317,-
3318,-
3319,-
3320,-
3321,-
3322,-
3323,-
3324,-
3325,-
3326,-
3327,-
3328,-
3329,-
3330,-
3331,-
3332,-
3333,-
3334,-
3335,-
3336,-
3337,-
3338,-
3339,-
3340,-
3341,-
3342,-
3343,-
3344,-
3345,-
3346,-
3347,-
3348,-
3349,-
3350,-
3351,-
3352,-
3353,-
3354,-
3355,-
3356,-
3357,-
3358,-
3359,-
3360,-
3361,-
3362,-
3363,-
3364,-
3365,-
3366,-
3367,-
3368,-
3369,-
3370,-
3371,-
3372,-
3373,-
3374,-
3375,-
3376,-
3377,-
3378,-
3379,-
3380,-
3381,-
3382,-
3383,-
3384,-
3385,-
3386,-
3387,-
3388,-
3389,-
3390,-
3391,-
3392,-
3393,-
3394,-
3395,-
3396,-
3397,-
3398,-
3399,-
3400,-
3401,-
3402,-
3403,-
3404,-
3405,-
3406,-
3407,-
3408,-
3409,-
3410,-
3411,-
3412,-
3413,-
3414,-
3415,-
3416,-
3417,-
3418,-
3419,-
3420,-
3421,-
3422,-
3423,-
3424,-
3425,-
3426,-
3427,-
3428,-
3429,-
3430,-
3431,-
3432,-
3433,-
3434,-
3435,-
3436,-
3437,-
3438,-
3439,-
3440,-
3441,-
3442,-
3443,-
3444,-
3445,-
3446,-
3447,-
3448,-
3449,-
3450,-
3451,-
3452,-
3453,-
3454,-
3455,-
3456,-
3457,-
3458,-
3459,-
3460,-
3461,-
3462,-
3463,-
3464,-
3465,-
3466,-
3467,-
3468,-
3469,-
3470,-
3471,-
3472,-
3473,-
3474,-
3475,-
3476,-
3477,-
3478,-
3479,-
3480,-
3481,-
3482,-
3483,-
3484,-
3485,-
3486,-
3487,-
3488,-
3489,-
3490,-
3491,-
3492,-
3493,-
3494,-
3495,-
3496,-
3497,-
3498,-
3499,-
3500,-
3501,-
3502,-
3503,-
3504,-
3505,-
3506,-
3507,-
3508,-
3509,-
3510,-
3511,-
3512,-
3513,-
3514,-
3515,-
3516,-
3517,-
3518,-
3519,-
3520,-
3521,-
3522,-
3523,-
3524,-
3525,-
3526,-
3527,-
3528,-
3529,-
3530,-
3531,-
3532,-
3533,-
3534,-
3535,-
